,tabu size,T,Tf,K,alpha,neighbors percentage,running time,mid,sns,dm
0,13,103,50,12,0.919091,0.638889,170.57,14309182.19581605,3050369.4395135962,24113003.27593274
