,tabu size,T,Tf,K,alpha,neighbors percentage,running time,mid,sns,dm
0,13,103,50,12,0.919091,0.638889,697.67,18575449.592366174,5106502.096663709,29211763.69852708
