,tabu size,T,Tf,K,alpha,neighbors percentage,running time,mid,sns,dm
0,13,103,50,12,0.919091,0.638889,1342.39,15090241.29609614,4851667.252419214,34926686.97731193
