,tabu size,T,Tf,K,alpha,neighbors percentage,running time,mid,sns,dm
0,13,103,50,12,0.919091,0.638889,2636.87,17297885.239971656,5464331.190113189,36959607.57876773
