,tabu size,T,Tf,K,alpha,neighbors percentage,running time,mid,sns,dm
0,13,103,50,12,0.919091,0.638889,270.52,10894928.731238523,2739705.6124612796,19945658.279408183
