,tabu size,T,Tf,K,alpha,neighbors percentage,running time,mid,sns,dm
0,13,103,50,12,0.919091,0.638889,2.81,5930928.710631475,2467641.894248488,12231554.983053591
