,tabu size,T,Tf,K,alpha,neighbors percentage,running time,mid,sns,dm
0,13,103,50,12,0.919091,0.638889,1317.02,17524021.34544631,5347640.559220068,33620682.5076426
