,tabu size,T,Tf,K,alpha,neighbors percentage,running time,mid,sns,dm
0,13,103,50,12,0.919091,0.638889,50.87,10932563.569039205,2573222.769113426,20527176.04908929
