,tabu size,T,Tf,K,alpha,neighbors percentage,running time,mid,sns,dm
0,13,103,50,12,0.919091,0.638889,242.96,15285268.72604043,5369978.274973427,33457235.392375052
