,tabu size,T,Tf,K,alpha,neighbors percentage,running time,mid,sns,dm
0,13,103,50,12,0.919091,0.638889,85.57,12231410.268869912,3438502.2611926612,24142440.320440657
