,tabu size,T,Tf,K,alpha,neighbors percentage,running time,mid,sns,dm
0,13,103,50,12,0.919091,0.638889,4431.86,15140184.690964837,5263414.2090961635,30407359.71923267
