,tabu size,T,Tf,K,alpha,neighbors percentage,running time,mid,sns,dm
0,13,103,50,12,0.919091,0.638889,577.47,12299004.81824928,3332467.026968818,25379783.317210466
