,tabu size,T,Tf,K,alpha,neighbors percentage,running time,mid,sns,dm
0,13,103,50,12,0.919091,0.638889,42.28,11378253.356294917,3380258.736622694,22893611.2433009
